avg_chunk_size,retrieval_accuracy,avg_context_score,avg_embedding_similarity,avg_named_entity_score,avg_bleu_score,avg_rouge_score,avg_faithfulness,avg_response_similarity
-127.667,0.0,"[0.3526666666666667, 0.36466666666666664]",0.24133333333333334,0.007333333333333333,0.6426666666666667,"[0.4483333333333333, 0.61]",7.333333333333333,0.8833333333333333
